{"cameraMode":{"drawMode":0,"name":"Shaded","section":"Shading Mode"},"sceneLighting":true,"audioPlay":false,"sceneViewState":{"showFog":true,"showMaterialUpdate":false,"showSkybox":true,"showFlares":true,"showImageEffects":true,"showParticleSystems":true},"in2DMode":false,"pivot":{"x":12.326276779174805,"y":-8.16706657409668,"z":0.6156997680664063},"rotation":{"x":0.3084419071674347,"y":0.5916163921356201,"z":-0.26164767146110537,"w":0.6974228620529175},"size":14.53239631652832,"orthographic":true}