{"cameraMode":{"drawMode":0,"name":"Shaded","section":"Shading Mode"},"sceneLighting":true,"audioPlay":false,"sceneViewState":{"showFog":true,"showMaterialUpdate":false,"showSkybox":true,"showFlares":true,"showImageEffects":true,"showParticleSystems":true},"in2DMode":false,"pivot":{"x":2.6204257011413576,"y":0.03766632080078125,"z":1.3442128896713257},"rotation":{"x":0.7071036696434021,"y":-0.0021213465370237829,"z":0.002121304627507925,"w":0.7071037292480469},"size":15.034078598022461,"orthographic":false}